505050,Bianca Rocha,05-08-1993,202020,2.3,10.0,3,0
12345678901,Ana Souza,12-03-2005,2026001,8.5,9.0,6,0
23456789012,Bruno Oliveira,25-07-2004,2026002,7.0,8.5,12,1
34567890123,Carla Santos,18-01-2005,2026003,9.0,9.5,3,0
45678901234,Daniel Pereira,03-11-2004,2026004,6.5,7.0,18,0
56789012345,Elisa Costa,29-06-2005,2026005,8.0,8.5,9,0
67890123456,Felipe Almeida,14-09-2004,2026006,7.5,9.0,7,0
78901234567,Gabriela Lima,07-02-2005,2026007,9.5,9.0,4,0
89012345678,Henrique Martins,21-05-2004,2026008,7.0,7.5,14,0
90123456789,Isabela Rodrigues,16-08-2005,2026009,8.5,8.0,8,0
01234567890,João Ferreira,10-12-2004,2026010,6.0,7.5,19,0
13579246801,Larissa Gomes,05-04-2005,2026011,9.0,8.5,5,0
24680135792,Marcelo Ribeiro,27-10-2004,2026012,7.5,8.0,10,0
35791357913,Natália Carvalho,13-07-2005,2026013,9.5,10.0,1,0
46802468024,Pedro Nunes,30-03-2004,2026014,6.5,8.0,13,0
57913579135,Renata Barbosa,22-09-2005,2026015,8.0,9.5,8,0
